{"cameraMode":{"drawMode":0,"name":"Shaded","section":"Shading Mode"},"sceneLighting":false,"audioPlay":false,"sceneViewState":{"showFog":true,"showMaterialUpdate":false,"showSkybox":true,"showFlares":true,"showImageEffects":true,"showParticleSystems":true},"in2DMode":false,"pivot":{"x":2.365034580230713,"y":1.5038807392120362,"z":-2.5638198852539064},"rotation":{"x":0.08853431046009064,"y":0.6205213665962219,"z":-0.07099709659814835,"w":0.7761625647544861},"size":4.9976983070373539,"orthographic":false}