{"cameraMode":{"drawMode":0,"name":"Shaded","section":"Shading Mode"},"sceneLighting":false,"audioPlay":false,"sceneViewState":{"showFog":true,"showMaterialUpdate":false,"showSkybox":true,"showFlares":true,"showImageEffects":true,"showParticleSystems":true},"in2DMode":false,"pivot":{"x":22.273582458496095,"y":2.9075798988342287,"z":0.9690237045288086},"rotation":{"x":-0.13988298177719117,"y":0.750872790813446,"z":-0.168540358543396,"w":-0.6231354475021362},"size":15.653182029724121,"orthographic":false}