{"cameraMode":{"drawMode":0,"name":"Shaded","section":"Shading Mode"},"sceneLighting":true,"audioPlay":false,"sceneViewState":{"showFog":true,"showMaterialUpdate":false,"showSkybox":true,"showFlares":true,"showImageEffects":true,"showParticleSystems":true},"in2DMode":false,"pivot":{"x":-85.15402221679688,"y":-98.8648681640625,"z":-90.55403137207031},"rotation":{"x":-0.11043218523263931,"y":0.8897030353546143,"z":-0.30047714710235598,"w":-0.32600370049476626},"size":199.0441436767578,"orthographic":false}