{"cameraMode":{"drawMode":0,"name":"Shaded","section":"Shading Mode"},"sceneLighting":false,"audioPlay":false,"sceneViewState":{"showFog":true,"showMaterialUpdate":false,"showSkybox":true,"showFlares":true,"showImageEffects":true,"showParticleSystems":true},"in2DMode":false,"pivot":{"x":318.5399169921875,"y":-1629.7105712890625,"z":899.83935546875},"rotation":{"x":0.19793805480003358,"y":-0.003251077374443412,"z":0.0003841861616820097,"w":0.9804328083992004},"size":2658.449951171875,"orthographic":false}