{"cameraMode":{"drawMode":0,"name":"Shaded","section":"Shading Mode"},"sceneLighting":false,"audioPlay":false,"sceneViewState":{"showFog":true,"showMaterialUpdate":false,"showSkybox":true,"showFlares":true,"showImageEffects":true,"showParticleSystems":true},"in2DMode":false,"pivot":{"x":-35.370689392089847,"y":-20.29790496826172,"z":34.86698913574219},"rotation":{"x":0.21636950969696046,"y":-0.4966435432434082,"z":0.1292175054550171,"w":0.8308147192001343},"size":74.95379638671875,"orthographic":false}