{"cameraMode":{"drawMode":0,"name":"Shaded","section":"Shading Mode"},"sceneLighting":false,"audioPlay":false,"sceneViewState":{"showFog":true,"showMaterialUpdate":false,"showSkybox":true,"showFlares":true,"showImageEffects":true,"showParticleSystems":true},"in2DMode":false,"pivot":{"x":-40.79658889770508,"y":-23.587589263916017,"z":-3.4657857418060304},"rotation":{"x":0.18402588367462159,"y":-0.7178540229797363,"z":0.20652028918266297,"w":0.6392108201980591},"size":74.95379638671875,"orthographic":false}