{"cameraMode":{"drawMode":0,"name":"Shaded","section":"Shading Mode"},"sceneLighting":false,"audioPlay":false,"sceneViewState":{"showFog":true,"showMaterialUpdate":false,"showSkybox":true,"showFlares":true,"showImageEffects":true,"showParticleSystems":true},"in2DMode":false,"pivot":{"x":-21.26668357849121,"y":-0.41547727584838869,"z":15.25377368927002},"rotation":{"x":0.14895007014274598,"y":-0.47335419058799746,"z":0.08177803456783295,"w":0.8646085858345032},"size":28.82964324951172,"orthographic":false}