{"cameraMode":{"drawMode":0,"name":"Shaded","section":"Shading Mode"},"sceneLighting":false,"audioPlay":false,"sceneViewState":{"showFog":true,"showMaterialUpdate":false,"showSkybox":true,"showFlares":true,"showImageEffects":true,"showParticleSystems":true},"in2DMode":false,"pivot":{"x":517.0,"y":206.63369750976563,"z":-316.8068542480469},"rotation":{"x":0.09259161353111267,"y":0.008676817640662194,"z":-0.0010827963706105948,"w":0.9958876371383667},"size":2305.7060546875,"orthographic":false}