{"cameraMode":{"drawMode":0,"name":"Shaded","section":"Shading Mode"},"sceneLighting":true,"audioPlay":false,"sceneViewState":{"showFog":true,"showMaterialUpdate":false,"showSkybox":true,"showFlares":true,"showImageEffects":true,"showParticleSystems":true},"in2DMode":false,"pivot":{"x":-127.27798461914063,"y":-1094.7177734375,"z":-5729.3974609375},"rotation":{"x":-0.0037292642518877985,"y":0.9929441809654236,"z":-0.11400048434734345,"w":-0.03248009830713272},"size":6378.8134765625,"orthographic":false}