{"cameraMode":{"drawMode":0,"name":"Shaded","section":"Shading Mode"},"sceneLighting":true,"audioPlay":false,"sceneViewState":{"showFog":true,"showMaterialUpdate":false,"showSkybox":true,"showFlares":true,"showImageEffects":true,"showParticleSystems":true},"in2DMode":false,"pivot":{"x":-10.221968650817871,"y":-2.2154393196105959,"z":-12.414593696594239},"rotation":{"x":0.08282271772623062,"y":-0.7954678535461426,"z":0.11169479787349701,"w":0.589872419834137},"size":18.725841522216798,"orthographic":false}