{"cameraMode":{"drawMode":0,"name":"Shaded","section":"Shading Mode"},"sceneLighting":true,"audioPlay":false,"sceneViewState":{"showFog":true,"showMaterialUpdate":false,"showSkybox":true,"showFlares":true,"showImageEffects":true,"showParticleSystems":true},"in2DMode":false,"pivot":{"x":460.15716552734377,"y":241.52005004882813,"z":-478.1820983886719},"rotation":{"x":0.0014981318963691593,"y":0.04977536201477051,"z":0.00007494648161809891,"w":-0.9987648129463196},"size":6.116971492767334,"orthographic":false}