{"cameraMode":{"drawMode":0,"name":"Shaded","section":"Shading Mode"},"sceneLighting":true,"audioPlay":false,"sceneViewState":{"showFog":true,"showMaterialUpdate":false,"showSkybox":true,"showFlares":true,"showImageEffects":true,"showParticleSystems":true},"in2DMode":false,"pivot":{"x":8.963752746582032,"y":1.5610356330871583,"z":-2.873377799987793},"rotation":{"x":-0.020115425810217859,"y":-0.9798604249954224,"z":0.1438942700624466,"w":-0.1369786560535431},"size":10.0,"orthographic":false}