{"cameraMode":{"drawMode":0,"name":"Shaded","section":"Shading Mode"},"sceneLighting":false,"audioPlay":false,"sceneViewState":{"showFog":true,"showMaterialUpdate":false,"showSkybox":false,"showFlares":true,"showImageEffects":true,"showParticleSystems":true},"in2DMode":false,"pivot":{"x":4.296938896179199,"y":1.3617660999298096,"z":-7.512139797210693},"rotation":{"x":-0.02375485934317112,"y":0.9343786835670471,"z":-0.0634574219584465,"w":-0.34978246688842776},"size":4.154154300689697,"orthographic":false}