{"cameraMode":{"drawMode":0,"name":"Shaded","section":"Shading Mode"},"sceneLighting":false,"audioPlay":false,"sceneViewState":{"showFog":true,"showMaterialUpdate":false,"showSkybox":true,"showFlares":true,"showImageEffects":true,"showParticleSystems":true},"in2DMode":false,"pivot":{"x":-7.20600700378418,"y":1.3297688961029053,"z":5.722489356994629},"rotation":{"x":0.00818123109638691,"y":-0.9760153293609619,"z":0.21447671949863435,"w":0.03720877692103386},"size":9.229248046875,"orthographic":false}