{"cameraMode":{"drawMode":0,"name":"Shaded","section":"Shading Mode"},"sceneLighting":false,"audioPlay":false,"sceneViewState":{"showFog":true,"showMaterialUpdate":false,"showSkybox":true,"showFlares":true,"showImageEffects":true,"showParticleSystems":true},"in2DMode":false,"pivot":{"x":-1.441373348236084,"y":0.6882903575897217,"z":-1.6385632753372193},"rotation":{"x":-0.003989091143012047,"y":0.9623743295669556,"z":-0.27133476734161379,"w":-0.014147279784083367},"size":3.64668607711792,"orthographic":false}