{"cameraMode":{"drawMode":0,"name":"Shaded","section":"Shading Mode"},"sceneLighting":false,"audioPlay":false,"sceneViewState":{"showFog":true,"showMaterialUpdate":false,"showSkybox":true,"showFlares":true,"showImageEffects":true,"showParticleSystems":true},"in2DMode":false,"pivot":{"x":-54.25416946411133,"y":-133.5809783935547,"z":-165.04290771484376},"rotation":{"x":-0.03009467013180256,"y":0.9436749219894409,"z":-0.31724128127098086,"w":-0.08944971859455109},"size":260.3700866699219,"orthographic":false}