{"cameraMode":{"drawMode":0,"name":"Shaded","section":"Shading Mode"},"sceneLighting":false,"audioPlay":false,"sceneViewState":{"showFog":true,"showMaterialUpdate":false,"showSkybox":true,"showFlares":true,"showImageEffects":true,"showParticleSystems":true},"in2DMode":false,"pivot":{"x":12.074766159057618,"y":1.1691102981567383,"z":12.359331130981446},"rotation":{"x":0.1706971526145935,"y":0.6809762120246887,"z":-0.16794699430465699,"w":0.6920784115791321},"size":4.166842460632324,"orthographic":false}