{"cameraMode":{"drawMode":0,"name":"Shaded","section":"Shading Mode"},"sceneLighting":false,"audioPlay":false,"sceneViewState":{"showFog":true,"showMaterialUpdate":false,"showSkybox":true,"showFlares":true,"showImageEffects":true,"showParticleSystems":true},"in2DMode":false,"pivot":{"x":162.0039520263672,"y":-129.32481384277345,"z":175.32830810546876},"rotation":{"x":0.22914834320545197,"y":0.34588542580604555,"z":-0.08750719577074051,"w":0.9056811332702637},"size":280.9222106933594,"orthographic":false}