{"cameraMode":{"drawMode":0,"name":"Shaded","section":"Shading Mode"},"sceneLighting":false,"audioPlay":false,"sceneViewState":{"showFog":true,"showMaterialUpdate":false,"showSkybox":true,"showFlares":true,"showImageEffects":true,"showParticleSystems":true},"in2DMode":false,"pivot":{"x":15.481884002685547,"y":-6.638240814208984,"z":0.3110179901123047},"rotation":{"x":-0.14041529595851899,"y":-0.5780556797981262,"z":0.10179459303617478,"w":-0.7973771095275879},"size":57.92643356323242,"orthographic":false}