{"cameraMode":{"drawMode":0,"name":"Shaded","section":"Shading Mode"},"sceneLighting":false,"audioPlay":false,"sceneViewState":{"showFog":true,"showMaterialUpdate":false,"showSkybox":true,"showFlares":true,"showImageEffects":true,"showParticleSystems":true},"in2DMode":false,"pivot":{"x":7.108253479003906,"y":29.04292106628418,"z":45.827857971191409},"rotation":{"x":0.06979115307331085,"y":0.9124038815498352,"z":-0.3636895418167114,"w":0.17643393576145173},"size":1.6402010917663575,"orthographic":false}