{"cameraMode":{"drawMode":0,"name":"Shaded","section":"Shading Mode"},"sceneLighting":false,"audioPlay":false,"sceneViewState":{"showFog":true,"showMaterialUpdate":false,"showSkybox":true,"showFlares":true,"showImageEffects":true,"showParticleSystems":true},"in2DMode":false,"pivot":{"x":7.800000190734863,"y":0.2799999713897705,"z":-2.759999990463257},"rotation":{"x":-0.1755213886499405,"y":-0.06084940955042839,"z":0.010657904669642449,"w":-0.9828529357910156},"size":2.8578836917877199,"orthographic":false}