{"cameraMode":{"drawMode":0,"name":"Shaded","section":"Shading Mode"},"sceneLighting":false,"audioPlay":false,"sceneViewState":{"showFog":true,"showMaterialUpdate":false,"showSkybox":true,"showFlares":true,"showImageEffects":true,"showParticleSystems":true},"in2DMode":false,"pivot":{"x":7.632591724395752,"y":12.955615043640137,"z":-16.76017951965332},"rotation":{"x":0.0005114534869790077,"y":0.9915023446083069,"z":-0.13044235110282899,"w":0.0041356454603374008},"size":10.178346633911133,"orthographic":false}