{"cameraMode":{"drawMode":0,"name":"Shaded","section":"Shading Mode"},"sceneLighting":false,"audioPlay":false,"sceneViewState":{"showFog":true,"showMaterialUpdate":false,"showSkybox":true,"showFlares":true,"showImageEffects":true,"showParticleSystems":true},"in2DMode":false,"pivot":{"x":-24.016759872436525,"y":1.2147488594055176,"z":13.4373779296875},"rotation":{"x":-0.09493701159954071,"y":0.7646468877792358,"z":-0.11580909043550492,"w":-0.6268571615219116},"size":3.359360694885254,"orthographic":false}