{"cameraMode":{"drawMode":0,"name":"Shaded","section":"Shading Mode"},"sceneLighting":false,"audioPlay":false,"sceneViewState":{"showFog":true,"showMaterialUpdate":false,"showSkybox":true,"showFlares":true,"showImageEffects":true,"showParticleSystems":true},"in2DMode":false,"pivot":{"x":511.9949035644531,"y":371.3530578613281,"z":388.99932861328127},"rotation":{"x":0.004810940474271774,"y":0.01948605291545391,"z":0.000036171768442727625,"w":0.9999544024467468},"size":1049.2357177734375,"orthographic":false}