{"cameraMode":{"drawMode":0,"name":"Shaded","section":"Shading Mode"},"sceneLighting":false,"audioPlay":false,"sceneViewState":{"showFog":true,"showMaterialUpdate":false,"showSkybox":true,"showFlares":true,"showImageEffects":true,"showParticleSystems":true},"in2DMode":false,"pivot":{"x":-31.797948837280275,"y":78.47373962402344,"z":-105.69235229492188},"rotation":{"x":-0.2800234854221344,"y":0.0005732006975449622,"z":-0.00017301681509707123,"w":-0.9600237607955933},"size":333.0654296875,"orthographic":false}