{"cameraMode":{"drawMode":0,"name":"Shaded","section":"Shading Mode"},"sceneLighting":false,"audioPlay":false,"sceneViewState":{"showFog":true,"showMaterialUpdate":false,"showSkybox":true,"showFlares":true,"showImageEffects":true,"showParticleSystems":true},"in2DMode":false,"pivot":{"x":-30.134340286254884,"y":2.139162302017212,"z":52.408817291259769},"rotation":{"x":-0.2000381499528885,"y":0.5407929420471191,"z":-0.13430193066596986,"w":-0.8060404658317566},"size":8.22331714630127,"orthographic":false}