{"cameraMode":{"drawMode":0,"name":"Shaded","section":"Shading Mode"},"sceneLighting":false,"audioPlay":false,"sceneViewState":{"showFog":true,"showMaterialUpdate":false,"showSkybox":true,"showFlares":true,"showImageEffects":true,"showParticleSystems":true},"in2DMode":false,"pivot":{"x":6.005593776702881,"y":-0.44154787063598635,"z":-0.10455083847045899},"rotation":{"x":-0.14681515097618104,"y":-0.85295170545578,"z":0.3434869647026062,"w":-0.36475107073783877},"size":8.00901985168457,"orthographic":false}