{"cameraMode":{"drawMode":0,"name":"Shaded","section":"Shading Mode"},"sceneLighting":false,"audioPlay":false,"sceneViewState":{"showFog":true,"showMaterialUpdate":false,"showSkybox":true,"showFlares":true,"showImageEffects":true,"showParticleSystems":true},"in2DMode":false,"pivot":{"x":-57.21833038330078,"y":66.57708740234375,"z":-113.30621337890625},"rotation":{"x":-0.2800234854221344,"y":0.0005732006975449622,"z":-0.00017301681509707123,"w":-0.9600237607955933},"size":384.5115661621094,"orthographic":false}