{"cameraMode":{"drawMode":0,"name":"Shaded","section":"Shading Mode"},"sceneLighting":false,"audioPlay":false,"sceneViewState":{"showFog":true,"showMaterialUpdate":false,"showSkybox":true,"showFlares":true,"showImageEffects":true,"showParticleSystems":true},"in2DMode":false,"pivot":{"x":4.34990119934082,"y":1.7548322677612305,"z":-11.231912612915039},"rotation":{"x":0.03983062133193016,"y":0.9323899149894714,"z":-0.10847506672143936,"w":0.3426440358161926},"size":6.167949676513672,"orthographic":false}