{"cameraMode":{"drawMode":0,"name":"Shaded","section":"Shading Mode"},"sceneLighting":true,"audioPlay":false,"sceneViewState":{"showFog":true,"showMaterialUpdate":false,"showSkybox":true,"showFlares":true,"showImageEffects":true,"showParticleSystems":true},"in2DMode":false,"pivot":{"x":-3.444338321685791,"y":0.7888535261154175,"z":-4.265866279602051},"rotation":{"x":0.03947611153125763,"y":-0.7676807641983032,"z":0.047510553151369098,"w":0.637855052947998},"size":9.81557846069336,"orthographic":false}