{"cameraMode":{"drawMode":0,"name":"Shaded","section":"Shading Mode"},"sceneLighting":true,"audioPlay":false,"sceneViewState":{"showFog":false,"showMaterialUpdate":false,"showSkybox":false,"showFlares":false,"showImageEffects":false,"showParticleSystems":false},"in2DMode":false,"pivot":{"x":22.04356575012207,"y":-19.99921417236328,"z":18.484821319580079},"rotation":{"x":0.2881532609462738,"y":0.26683762669563296,"z":-0.08398842811584473,"w":0.9159333109855652},"size":62.296104431152347,"orthographic":false}