{"cameraMode":{"drawMode":0,"name":"Shaded","section":"Shading Mode"},"sceneLighting":false,"audioPlay":false,"sceneViewState":{"showFog":false,"showMaterialUpdate":false,"showSkybox":false,"showFlares":false,"showImageEffects":false,"showParticleSystems":false},"in2DMode":false,"pivot":{"x":85.89912414550781,"y":-31.323822021484376,"z":153.5010986328125},"rotation":{"x":0.15460151433944703,"y":0.39761078357696535,"z":-0.06832857429981232,"w":0.9020724296569824},"size":6.168392658233643,"orthographic":false}