{"cameraMode":{"drawMode":0,"name":"Shaded","section":"Shading Mode"},"sceneLighting":true,"audioPlay":false,"sceneViewState":{"showFog":true,"showMaterialUpdate":true,"showSkybox":true,"showFlares":true,"showImageEffects":true,"showParticleSystems":true},"in2DMode":false,"pivot":{"x":1.1987113952636719,"y":1.487545371055603,"z":-1.950761318206787},"rotation":{"x":0.1043376699090004,"y":0.6810396313667297,"z":-0.0989684984087944,"w":0.7179864048957825},"size":14.652402877807618,"orthographic":false}