{"cameraMode":{"drawMode":0,"name":"Shaded","section":"Shading Mode"},"sceneLighting":true,"audioPlay":false,"sceneViewState":{"showFog":true,"showMaterialUpdate":false,"showSkybox":true,"showFlares":true,"showImageEffects":true,"showParticleSystems":true},"in2DMode":false,"pivot":{"x":773.1464233398438,"y":42.31703186035156,"z":1351.0806884765625},"rotation":{"x":-0.0611172616481781,"y":-0.107578344643116,"z":0.006609457544982433,"w":-0.9923383593559265},"size":1948.24365234375,"orthographic":false}