{"cameraMode":{"drawMode":0,"name":"Shaded","section":"Shading Mode"},"sceneLighting":false,"audioPlay":false,"sceneViewState":{"showFog":true,"showMaterialUpdate":true,"showSkybox":false,"showFlares":true,"showImageEffects":true,"showParticleSystems":true},"in2DMode":false,"pivot":{"x":13.128045082092286,"y":-0.5889092683792114,"z":4.284209251403809},"rotation":{"x":-0.05817633122205734,"y":-0.5676749348640442,"z":0.040267717093229297,"w":-0.8202252984046936},"size":31.069686889648439,"orthographic":false}