{"cameraMode":{"drawMode":0,"name":"Shaded","section":"Shading Mode"},"sceneLighting":false,"audioPlay":false,"sceneViewState":{"showFog":true,"showMaterialUpdate":true,"showSkybox":false,"showFlares":true,"showImageEffects":true,"showParticleSystems":true},"in2DMode":false,"pivot":{"x":-77.67668151855469,"y":-36.38393783569336,"z":-112.30569458007813},"rotation":{"x":0.04463538900017738,"y":-0.9339759945869446,"z":0.12572596967220307,"w":0.33154356479644778},"size":137.80410766601563,"orthographic":false}