{"cameraMode":{"drawMode":0,"name":"Shaded","section":"Shading Mode"},"sceneLighting":false,"audioPlay":false,"sceneViewState":{"showFog":true,"showMaterialUpdate":true,"showSkybox":false,"showFlares":true,"showImageEffects":true,"showParticleSystems":true},"in2DMode":false,"pivot":{"x":-22.773744583129884,"y":1.087477684020996,"z":13.976998329162598},"rotation":{"x":-0.10544758290052414,"y":-0.8880744576454163,"z":0.3681613504886627,"w":-0.25432494282722475},"size":0.7572934031486511,"orthographic":false}