{"cameraMode":{"drawMode":0,"name":"Shaded","section":"Shading Mode"},"sceneLighting":false,"audioPlay":false,"sceneViewState":{"showFog":false,"showMaterialUpdate":false,"showSkybox":false,"showFlares":false,"showImageEffects":false,"showParticleSystems":false},"in2DMode":false,"pivot":{"x":3.2813873291015627,"y":-2.569416046142578,"z":2.410442352294922},"rotation":{"x":0.14564894139766694,"y":0.6311483383178711,"z":-0.12194524705410004,"w":0.7521696090698242},"size":57.589080810546878,"orthographic":false}