{"cameraMode":{"drawMode":0,"name":"Shaded","section":"Shading Mode"},"sceneLighting":true,"audioPlay":false,"sceneViewState":{"showFog":true,"showMaterialUpdate":true,"showSkybox":true,"showFlares":true,"showImageEffects":true,"showParticleSystems":true},"in2DMode":false,"pivot":{"x":-51.58060836791992,"y":-79.60173797607422,"z":-59.86172103881836},"rotation":{"x":-0.14983344078063966,"y":0.8494892120361328,"z":-0.33880501985549929,"w":-0.3756851553916931},"size":134.36082458496095,"orthographic":false}