{"cameraMode":{"drawMode":0,"name":"Shaded","section":"Shading Mode"},"sceneLighting":false,"audioPlay":false,"sceneViewState":{"showFog":true,"showMaterialUpdate":true,"showSkybox":false,"showFlares":true,"showImageEffects":true,"showParticleSystems":true},"in2DMode":false,"pivot":{"x":158.1315155029297,"y":88.40753173828125,"z":-67.68441772460938},"rotation":{"x":-0.0838991329073906,"y":-0.008063243702054024,"z":0.0006784031866118312,"w":-0.9964511394500732},"size":434.8499755859375,"orthographic":false}