{"cameraMode":{"drawMode":0,"name":"Shaded","section":"Shading Mode"},"sceneLighting":false,"audioPlay":false,"sceneViewState":{"showFog":true,"showMaterialUpdate":true,"showSkybox":false,"showFlares":true,"showImageEffects":true,"showParticleSystems":true},"in2DMode":false,"pivot":{"x":134.1229705810547,"y":275.19024658203127,"z":-133.3791046142578},"rotation":{"x":0.026997288689017297,"y":-0.0044985804706811909,"z":0.00011711606930475682,"w":0.9996453523635864},"size":192.93460083007813,"orthographic":false}