{"cameraMode":{"drawMode":0,"name":"Shaded","section":"Shading Mode"},"sceneLighting":false,"audioPlay":false,"sceneViewState":{"showFog":true,"showMaterialUpdate":true,"showSkybox":false,"showFlares":true,"showImageEffects":true,"showParticleSystems":true},"in2DMode":false,"pivot":{"x":421.0249938964844,"y":184.8175048828125,"z":-2.065000057220459},"rotation":{"x":0.08687698841094971,"y":0.017931027337908746,"z":-0.00156412145588547,"w":0.9960648417472839},"size":337.0269470214844,"orthographic":false}