{"cameraMode":{"drawMode":0,"name":"Shaded","section":"Shading Mode"},"sceneLighting":true,"audioPlay":false,"sceneViewState":{"showFog":true,"showMaterialUpdate":true,"showSkybox":true,"showFlares":true,"showImageEffects":true,"showParticleSystems":true},"in2DMode":false,"pivot":{"x":579.5548095703125,"y":270.27020263671877,"z":-264.8837890625},"rotation":{"x":-0.059707753360271457,"y":0.23668186366558076,"z":-0.014575266279280186,"w":-0.9696480631828308},"size":537.8458251953125,"orthographic":false}