{"cameraMode":{"drawMode":0,"name":"Shaded","section":"Shading Mode"},"sceneLighting":false,"audioPlay":false,"sceneViewState":{"showFog":true,"showMaterialUpdate":true,"showSkybox":false,"showFlares":true,"showImageEffects":true,"showParticleSystems":true},"in2DMode":false,"pivot":{"x":848.23388671875,"y":363.97003173828127,"z":-37.44276428222656},"rotation":{"x":0.14294378459453584,"y":-0.5115554332733154,"z":0.0867658406496048,"w":0.8428592681884766},"size":83.57701873779297,"orthographic":false}