{"cameraMode":{"drawMode":0,"name":"Shaded","section":"Shading Mode"},"sceneLighting":false,"audioPlay":false,"sceneViewState":{"showFog":true,"showMaterialUpdate":true,"showSkybox":false,"showFlares":true,"showImageEffects":true,"showParticleSystems":true},"in2DMode":false,"pivot":{"x":155.99124145507813,"y":252.32745361328126,"z":-186.89208984375},"rotation":{"x":0.17692768573760987,"y":0.19492678344249726,"z":-0.035778604447841647,"w":0.9640849232673645},"size":719.1337890625,"orthographic":false}