{"cameraMode":{"drawMode":0,"name":"Shaded","section":"Shading Mode"},"sceneLighting":false,"audioPlay":false,"sceneViewState":{"showFog":false,"showMaterialUpdate":false,"showSkybox":false,"showFlares":false,"showImageEffects":false,"showParticleSystems":false},"in2DMode":false,"pivot":{"x":-4.178754806518555,"y":-1.552128791809082,"z":17.481515884399415},"rotation":{"x":0.16342079639434815,"y":0.4098125994205475,"z":-0.07459178566932678,"w":0.8944181203842163},"size":38.0513916015625,"orthographic":false}