{"cameraMode":{"drawMode":0,"name":"Shaded","section":"Shading Mode"},"sceneLighting":true,"audioPlay":false,"sceneViewState":{"showFog":true,"showMaterialUpdate":true,"showSkybox":true,"showFlares":true,"showImageEffects":true,"showParticleSystems":true},"in2DMode":false,"pivot":{"x":0.9776096343994141,"y":2.066873073577881,"z":-5.507588863372803},"rotation":{"x":-0.06191787123680115,"y":-0.9135979413986206,"z":0.1521385908126831,"w":-0.37203162908554079},"size":12.371195793151856,"orthographic":false}