{"cameraMode":{"drawMode":0,"name":"Shaded","section":"Shading Mode"},"sceneLighting":false,"audioPlay":false,"sceneViewState":{"showFog":false,"showMaterialUpdate":false,"showSkybox":false,"showFlares":false,"showImageEffects":false,"showParticleSystems":false},"in2DMode":false,"pivot":{"x":316.11590576171877,"y":-164.63735961914063,"z":-0.5511112213134766},"rotation":{"x":-0.14345137774944306,"y":-0.8167240023612976,"z":0.22999723255634309,"w":-0.5094041228294373},"size":451.8433532714844,"orthographic":false}