{"cameraMode":{"drawMode":0,"name":"Shaded","section":"Shading Mode"},"sceneLighting":false,"audioPlay":false,"sceneViewState":{"showFog":true,"showMaterialUpdate":true,"showSkybox":false,"showFlares":true,"showImageEffects":true,"showParticleSystems":true},"in2DMode":false,"pivot":{"x":-28.3111572265625,"y":-0.5864088535308838,"z":59.427879333496097},"rotation":{"x":0.1994958072900772,"y":0.12435287237167359,"z":-0.02551427111029625,"w":0.9716542959213257},"size":5.70492696762085,"orthographic":false}