{"cameraMode":{"drawMode":0,"name":"Shaded","section":"Shading Mode"},"sceneLighting":false,"audioPlay":false,"sceneViewState":{"showFog":false,"showMaterialUpdate":false,"showSkybox":false,"showFlares":false,"showImageEffects":false,"showParticleSystems":false},"in2DMode":false,"pivot":{"x":0.468841552734375,"y":-2.3683433532714845,"z":-2.581300735473633},"rotation":{"x":0.2401760220527649,"y":0.24020062386989594,"z":-0.06139993295073509,"w":0.9385784268379211},"size":11.044921875,"orthographic":false}