{"cameraMode":{"drawMode":0,"name":"Shaded","section":"Shading Mode"},"sceneLighting":false,"audioPlay":false,"sceneViewState":{"showFog":true,"showMaterialUpdate":true,"showSkybox":true,"showFlares":true,"showImageEffects":true,"showParticleSystems":true},"in2DMode":false,"pivot":{"x":372.0249328613281,"y":430.61273193359377,"z":-478.76397705078127},"rotation":{"x":0.15296001732349397,"y":-0.024600733071565629,"z":0.0037966736126691105,"w":0.9879871010780335},"size":9.48003101348877,"orthographic":false}