{"cameraMode":{"drawMode":0,"name":"Shaded","section":"Shading Mode"},"sceneLighting":true,"audioPlay":false,"sceneViewState":{"showFog":true,"showMaterialUpdate":true,"showSkybox":false,"showFlares":true,"showImageEffects":true,"showParticleSystems":true},"in2DMode":false,"pivot":{"x":48.96339416503906,"y":1.9229812622070313,"z":44.26094055175781},"rotation":{"x":0.22042925655841828,"y":0.7157080769538879,"z":-0.25837281346321108,"w":0.6103384494781494},"size":1.4765164852142335,"orthographic":false}