{"cameraMode":{"drawMode":0,"name":"Shaded","section":"Shading Mode"},"sceneLighting":false,"audioPlay":false,"sceneViewState":{"showFog":true,"showMaterialUpdate":true,"showSkybox":false,"showFlares":true,"showImageEffects":true,"showParticleSystems":true},"in2DMode":false,"pivot":{"x":429.40447998046877,"y":197.96400451660157,"z":-80.21455383300781},"rotation":{"x":-0.001499831210821867,"y":0.002999819815158844,"z":0.0000012418473716024892,"w":1.0000197887420655},"size":204.84446716308595,"orthographic":false}