{"cameraMode":{"drawMode":0,"name":"Shaded","section":"Shading Mode"},"sceneLighting":false,"audioPlay":false,"sceneViewState":{"showFog":true,"showMaterialUpdate":true,"showSkybox":false,"showFlares":true,"showImageEffects":true,"showParticleSystems":true},"in2DMode":false,"pivot":{"x":606.9969482421875,"y":114.77790832519531,"z":-263.06787109375},"rotation":{"x":-0.005270641762763262,"y":-0.9938817024230957,"z":0.09601917117834091,"w":-0.05461366847157478},"size":860.848388671875,"orthographic":false}