{"cameraMode":{"drawMode":0,"name":"Shaded","section":"Shading Mode"},"sceneLighting":false,"audioPlay":false,"sceneViewState":{"showFog":false,"showMaterialUpdate":false,"showSkybox":false,"showFlares":false,"showImageEffects":false,"showParticleSystems":false},"in2DMode":false,"pivot":{"x":3.5166478157043459,"y":-21.67420768737793,"z":43.28739929199219},"rotation":{"x":-0.46093475818634035,"y":0.05368828400969505,"z":-0.027947409078478814,"w":-0.8853722214698792},"size":31.570512771606447,"orthographic":false}