{"cameraMode":{"drawMode":0,"name":"Shaded","section":"Shading Mode"},"sceneLighting":false,"audioPlay":false,"sceneViewState":{"showFog":true,"showMaterialUpdate":true,"showSkybox":false,"showFlares":true,"showImageEffects":true,"showParticleSystems":true},"in2DMode":false,"pivot":{"x":4.284509658813477,"y":2.712813377380371,"z":-0.11405760049819946},"rotation":{"x":0.009899447672069073,"y":-0.6611467599868774,"z":-0.00871498603373766,"w":-0.7501682043075562},"size":10.098458290100098,"orthographic":false}