{"cameraMode":{"drawMode":0,"name":"Shaded","section":"Shading Mode"},"sceneLighting":true,"audioPlay":false,"sceneViewState":{"showFog":true,"showMaterialUpdate":true,"showSkybox":true,"showFlares":true,"showImageEffects":true,"showParticleSystems":true},"in2DMode":false,"pivot":{"x":-25.80849838256836,"y":-15.789552688598633,"z":-170.1727294921875},"rotation":{"x":0.003012304659932852,"y":-0.9970266222953796,"z":0.05389136075973511,"w":0.05568725988268852},"size":174.42840576171876,"orthographic":false}