{"cameraMode":{"drawMode":0,"name":"Shaded","section":"Shading Mode"},"sceneLighting":false,"audioPlay":false,"sceneViewState":{"showFog":true,"showMaterialUpdate":false,"showSkybox":false,"showFlares":true,"showImageEffects":true,"showParticleSystems":true},"in2DMode":false,"pivot":{"x":0.12538312375545503,"y":0.3620155453681946,"z":-14.588184356689454},"rotation":{"x":-0.02914467826485634,"y":-0.9666185975074768,"z":0.22002534568309785,"w":-0.12805430591106416},"size":18.846267700195314,"orthographic":false}