{"cameraMode":{"drawMode":0,"name":"Shaded","section":"Shading Mode"},"sceneLighting":true,"audioPlay":false,"sceneViewState":{"showFog":true,"showMaterialUpdate":true,"showSkybox":true,"showFlares":true,"showImageEffects":true,"showParticleSystems":true},"in2DMode":false,"pivot":{"x":2.8785953521728517,"y":-3.704586982727051,"z":-21.30719757080078},"rotation":{"x":-0.013635092414915562,"y":-0.9854130148887634,"z":0.13987170159816743,"w":-0.09609055519104004},"size":31.034252166748048,"orthographic":false}