{"cameraMode":{"drawMode":0,"name":"Shaded","section":"Shading Mode"},"sceneLighting":true,"audioPlay":false,"sceneViewState":{"showFog":true,"showMaterialUpdate":true,"showSkybox":true,"showFlares":true,"showImageEffects":true,"showParticleSystems":true},"in2DMode":false,"pivot":{"x":92.22122192382813,"y":-50.02873992919922,"z":-92.25232696533203},"rotation":{"x":0.08000984787940979,"y":0.8948819637298584,"z":-0.17842847108840943,"w":0.4012243449687958},"size":135.85302734375,"orthographic":false}