{"cameraMode":{"drawMode":0,"name":"Shaded","section":"Shading Mode"},"sceneLighting":false,"audioPlay":false,"sceneViewState":{"showFog":false,"showMaterialUpdate":false,"showSkybox":false,"showFlares":false,"showImageEffects":false,"showParticleSystems":false},"in2DMode":false,"pivot":{"x":-4.537343978881836,"y":11.712030410766602,"z":96.5514144897461},"rotation":{"x":-0.36689403653144839,"y":0.060726508498191836,"z":-0.024097202345728875,"w":-0.9280086159706116},"size":3.0524988174438478,"orthographic":false}