{"cameraMode":{"drawMode":0,"name":"Shaded","section":"Shading Mode"},"sceneLighting":false,"audioPlay":false,"sceneViewState":{"showFog":true,"showMaterialUpdate":true,"showSkybox":false,"showFlares":true,"showImageEffects":true,"showParticleSystems":true},"in2DMode":false,"pivot":{"x":125.33877563476563,"y":274.5669250488281,"z":1539.6583251953125},"rotation":{"x":-0.0014891750179231167,"y":-0.11971311271190644,"z":-0.00017966379527933896,"w":0.9928152561187744},"size":2708.31201171875,"orthographic":false}