{"cameraMode":{"drawMode":0,"name":"Shaded","section":"Shading Mode"},"sceneLighting":true,"audioPlay":false,"sceneViewState":{"showFog":true,"showMaterialUpdate":true,"showSkybox":true,"showFlares":true,"showImageEffects":true,"showParticleSystems":true},"in2DMode":false,"pivot":{"x":39.10906982421875,"y":-111.25482940673828,"z":120.00057220458985},"rotation":{"x":-0.3611258566379547,"y":-0.23455171287059785,"z":0.09437897801399231,"w":-0.8976317048072815},"size":169.61590576171876,"orthographic":false}