{"cameraMode":{"drawMode":0,"name":"Shaded","section":"Shading Mode"},"sceneLighting":false,"audioPlay":false,"sceneViewState":{"showFog":true,"showMaterialUpdate":true,"showSkybox":true,"showFlares":true,"showImageEffects":true,"showParticleSystems":true},"in2DMode":false,"pivot":{"x":-2.804550886154175,"y":1.3789423704147339,"z":-8.175783157348633},"rotation":{"x":0.08260833472013474,"y":0.20977815985679627,"z":-0.01779877580702305,"w":0.9741519093513489},"size":9.48003101348877,"orthographic":false}