{"cameraMode":{"drawMode":0,"name":"Shaded","section":"Shading Mode"},"sceneLighting":false,"audioPlay":false,"sceneViewState":{"showFog":true,"showMaterialUpdate":true,"showSkybox":false,"showFlares":true,"showImageEffects":true,"showParticleSystems":true},"in2DMode":false,"pivot":{"x":-37.642452239990237,"y":-10.257431030273438,"z":3.495547294616699},"rotation":{"x":0.14293186366558076,"y":0.8009530305862427,"z":-0.2113552987575531,"w":0.5416491031646729},"size":22.0,"orthographic":false}