{"cameraMode":{"drawMode":0,"name":"Shaded","section":"Shading Mode"},"sceneLighting":false,"audioPlay":false,"sceneViewState":{"showFog":true,"showMaterialUpdate":true,"showSkybox":false,"showFlares":true,"showImageEffects":true,"showParticleSystems":true},"in2DMode":false,"pivot":{"x":-0.8901035785675049,"y":10.866575241088868,"z":-13.996011734008789},"rotation":{"x":0.10200148820877075,"y":-0.7189378142356873,"z":0.10800192505121231,"w":0.6790857315063477},"size":13.604819297790528,"orthographic":false}