{"cameraMode":{"drawMode":0,"name":"Shaded","section":"Shading Mode"},"sceneLighting":false,"audioPlay":false,"sceneViewState":{"showFog":true,"showMaterialUpdate":true,"showSkybox":false,"showFlares":true,"showImageEffects":true,"showParticleSystems":true},"in2DMode":false,"pivot":{"x":8.411746978759766,"y":-27.52854347229004,"z":-120.00009155273438},"rotation":{"x":-0.004841083660721779,"y":-0.9938992857933044,"z":0.09903115779161453,"w":-0.04863515496253967},"size":71.20620727539063,"orthographic":false}