{"cameraMode":{"drawMode":0,"name":"Shaded","section":"Shading Mode"},"sceneLighting":true,"audioPlay":false,"sceneViewState":{"showFog":true,"showMaterialUpdate":false,"showSkybox":false,"showFlares":true,"showImageEffects":true,"showParticleSystems":true},"in2DMode":false,"pivot":{"x":454.1213073730469,"y":-1583.258056640625,"z":2217.8193359375},"rotation":{"x":-0.23952901363372804,"y":-0.1040392592549324,"z":0.02582508698105812,"w":-0.9649568796157837},"size":2440.821044921875,"orthographic":false}