{"cameraMode":{"drawMode":0,"name":"Shaded","section":"Shading Mode"},"sceneLighting":false,"audioPlay":false,"sceneViewState":{"showFog":true,"showMaterialUpdate":true,"showSkybox":true,"showFlares":true,"showImageEffects":true,"showParticleSystems":true},"in2DMode":false,"pivot":{"x":-27.912748336791993,"y":-8.206028938293457,"z":101.71141052246094},"rotation":{"x":0.09493225812911987,"y":0.02449033036828041,"z":-0.002359036821871996,"w":0.9952322840690613},"size":73.54073333740235,"orthographic":false}