{"cameraMode":{"drawMode":0,"name":"Shaded","section":"Shading Mode"},"sceneLighting":false,"audioPlay":false,"sceneViewState":{"showFog":true,"showMaterialUpdate":true,"showSkybox":false,"showFlares":true,"showImageEffects":true,"showParticleSystems":true},"in2DMode":false,"pivot":{"x":42.97618865966797,"y":-742.405517578125,"z":1830.2200927734375},"rotation":{"x":-0.23086710274219514,"y":0.09073230624198914,"z":-0.021629519760608674,"w":-0.968537449836731},"size":1320.24169921875,"orthographic":false}