{"cameraMode":{"drawMode":0,"name":"Shaded","section":"Shading Mode"},"sceneLighting":false,"audioPlay":false,"sceneViewState":{"showFog":true,"showMaterialUpdate":true,"showSkybox":false,"showFlares":true,"showImageEffects":true,"showParticleSystems":true},"in2DMode":false,"pivot":{"x":-27.636592864990236,"y":5.924210548400879,"z":25.307838439941408},"rotation":{"x":-0.06278721988201142,"y":0.07234665006399155,"z":-0.00469611119478941,"w":-0.9954349994659424},"size":1.6689445972442628,"orthographic":false}