{"cameraMode":{"drawMode":0,"name":"Shaded","section":"Shading Mode"},"sceneLighting":true,"audioPlay":false,"sceneViewState":{"showFog":true,"showMaterialUpdate":true,"showSkybox":true,"showFlares":true,"showImageEffects":true,"showParticleSystems":true},"in2DMode":false,"pivot":{"x":294.8243713378906,"y":117.14632415771485,"z":-155.9668731689453},"rotation":{"x":0.10826744139194489,"y":-0.42379239201545718,"z":0.05108894780278206,"w":0.8978537321090698},"size":361.5170593261719,"orthographic":false}