{"cameraMode":{"drawMode":0,"name":"Shaded","section":"Shading Mode"},"sceneLighting":false,"audioPlay":false,"sceneViewState":{"showFog":true,"showMaterialUpdate":true,"showSkybox":false,"showFlares":true,"showImageEffects":true,"showParticleSystems":true},"in2DMode":false,"pivot":{"x":5.898632526397705,"y":-25.637428283691408,"z":-328.3352966308594},"rotation":{"x":-0.0010922218207269908,"y":-0.9984886050224304,"z":0.05097688362002373,"w":-0.020965484902262689},"size":283.3090515136719,"orthographic":false}