{"cameraMode":{"drawMode":0,"name":"Shaded","section":"Shading Mode"},"sceneLighting":true,"audioPlay":false,"sceneViewState":{"showFog":true,"showMaterialUpdate":true,"showSkybox":true,"showFlares":true,"showImageEffects":true,"showParticleSystems":true},"in2DMode":false,"pivot":{"x":-3.768939733505249,"y":-2.3930375576019289,"z":-0.08740350604057312},"rotation":{"x":0.3070937693119049,"y":-0.05339590087532997,"z":0.01711476966738701,"w":0.9501450061798096},"size":7.823545932769775,"orthographic":false}