{"cameraMode":{"drawMode":0,"name":"Shaded","section":"Shading Mode"},"sceneLighting":false,"audioPlay":false,"sceneViewState":{"showFog":true,"showMaterialUpdate":true,"showSkybox":false,"showFlares":true,"showImageEffects":true,"showParticleSystems":true},"in2DMode":false,"pivot":{"x":110.78276062011719,"y":307.5614013671875,"z":-150.2587890625},"rotation":{"x":0.13876286149024964,"y":0.15676192939281465,"z":-0.022256240248680116,"w":0.9776065945625305},"size":719.1337890625,"orthographic":false}