{"cameraMode":{"drawMode":0,"name":"Shaded","section":"Shading Mode"},"sceneLighting":false,"audioPlay":false,"sceneViewState":{"showFog":true,"showMaterialUpdate":true,"showSkybox":false,"showFlares":true,"showImageEffects":true,"showParticleSystems":true},"in2DMode":false,"pivot":{"x":403.1091003417969,"y":337.22076416015627,"z":7.6326904296875},"rotation":{"x":0.022494645789265634,"y":-0.019494514912366868,"z":0.00043644197285175323,"w":0.9995819330215454},"size":656.5613403320313,"orthographic":false}