{"cameraMode":{"drawMode":0,"name":"Shaded","section":"Shading Mode"},"sceneLighting":false,"audioPlay":false,"sceneViewState":{"showFog":true,"showMaterialUpdate":true,"showSkybox":false,"showFlares":true,"showImageEffects":true,"showParticleSystems":true},"in2DMode":false,"pivot":{"x":465.111572265625,"y":109.21595764160156,"z":924.3978271484375},"rotation":{"x":-0.03449159488081932,"y":-0.013084862381219864,"z":0.00044823167263530195,"w":-0.9993523955345154},"size":865.0819702148438,"orthographic":false}