{"cameraMode":{"drawMode":0,"name":"Shaded","section":"Shading Mode"},"sceneLighting":false,"audioPlay":false,"sceneViewState":{"showFog":true,"showMaterialUpdate":true,"showSkybox":false,"showFlares":true,"showImageEffects":true,"showParticleSystems":true},"in2DMode":false,"pivot":{"x":393.1304626464844,"y":135.05291748046876,"z":928.0672607421875},"rotation":{"x":-0.03449159488081932,"y":-0.013084862381219864,"z":0.00044823167263530195,"w":-0.9993523955345154},"size":848.785888671875,"orthographic":false}