{"cameraMode":{"drawMode":0,"name":"Shaded","section":"Shading Mode"},"sceneLighting":false,"audioPlay":false,"sceneViewState":{"showFog":false,"showMaterialUpdate":false,"showSkybox":false,"showFlares":false,"showImageEffects":false,"showParticleSystems":false},"in2DMode":false,"pivot":{"x":75.17919921875,"y":220.74612426757813,"z":146.28204345703126},"rotation":{"x":-0.10533098876476288,"y":-0.04060249403119087,"z":0.004146904218941927,"w":-0.9936733245849609},"size":1084.3792724609375,"orthographic":false}