{"cameraMode":{"drawMode":0,"name":"Shaded","section":"Shading Mode"},"sceneLighting":false,"audioPlay":false,"sceneViewState":{"showFog":true,"showMaterialUpdate":true,"showSkybox":false,"showFlares":true,"showImageEffects":true,"showParticleSystems":true},"in2DMode":false,"pivot":{"x":505.1554870605469,"y":-1.3446807861328126,"z":1877.935302734375},"rotation":{"x":0.05247613787651062,"y":0.0029958162922412159,"z":-0.0001575946225784719,"w":0.9986260533332825},"size":2263.866943359375,"orthographic":false}