{"cameraMode":{"drawMode":0,"name":"Shaded","section":"Shading Mode"},"sceneLighting":true,"audioPlay":false,"sceneViewState":{"showFog":true,"showMaterialUpdate":true,"showSkybox":true,"showFlares":true,"showImageEffects":true,"showParticleSystems":true},"in2DMode":false,"pivot":{"x":-1.6836271286010743,"y":-0.7704823613166809,"z":-2.794475793838501},"rotation":{"x":-0.019764624536037446,"y":0.9722217917442322,"z":-0.08920977264642716,"w":-0.21554525196552277},"size":2.227926254272461,"orthographic":false}