{"cameraMode":{"drawMode":0,"name":"Shaded","section":"Shading Mode"},"sceneLighting":true,"audioPlay":false,"sceneViewState":{"showFog":true,"showMaterialUpdate":false,"showSkybox":false,"showFlares":true,"showImageEffects":true,"showParticleSystems":true},"in2DMode":false,"pivot":{"x":343.130859375,"y":223.0595703125,"z":1701.87744140625},"rotation":{"x":-0.006306812632828951,"y":-0.03089721128344536,"z":0.00019496709865052253,"w":-0.9995057582855225},"size":2966.02783203125,"orthographic":false}