{"cameraMode":{"drawMode":0,"name":"Shaded","section":"Shading Mode"},"sceneLighting":false,"audioPlay":false,"sceneViewState":{"showFog":true,"showMaterialUpdate":true,"showSkybox":false,"showFlares":true,"showImageEffects":true,"showParticleSystems":true},"in2DMode":false,"pivot":{"x":134.1282958984375,"y":-1285.25,"z":-2829.95263671875},"rotation":{"x":0.0019041452324017883,"y":0.9720163941383362,"z":-0.23477999866008759,"w":0.007884228602051735},"size":4612.1640625,"orthographic":false}