{"cameraMode":{"drawMode":0,"name":"Shaded","section":"Shading Mode"},"sceneLighting":false,"audioPlay":false,"sceneViewState":{"showFog":false,"showMaterialUpdate":false,"showSkybox":false,"showFlares":false,"showImageEffects":false,"showParticleSystems":false},"in2DMode":false,"pivot":{"x":0.5071114897727966,"y":-38.46045684814453,"z":-57.67287826538086},"rotation":{"x":0.008862295188009739,"y":-0.9417673945426941,"z":0.33525991439819338,"w":0.024998635053634645},"size":56.54283905029297,"orthographic":false}