{"cameraMode":{"drawMode":0,"name":"Shaded","section":"Shading Mode"},"sceneLighting":true,"audioPlay":false,"sceneViewState":{"showFog":true,"showMaterialUpdate":true,"showSkybox":true,"showFlares":true,"showImageEffects":true,"showParticleSystems":true},"in2DMode":false,"pivot":{"x":494.8538818359375,"y":191.95132446289063,"z":-637.8654174804688},"rotation":{"x":0.1442420482635498,"y":0.4109818637371063,"z":-0.06603934615850449,"w":0.8977565765380859},"size":135.85302734375,"orthographic":false}