{"cameraMode":{"drawMode":0,"name":"Shaded","section":"Shading Mode"},"sceneLighting":true,"audioPlay":false,"sceneViewState":{"showFog":true,"showMaterialUpdate":true,"showSkybox":true,"showFlares":true,"showImageEffects":true,"showParticleSystems":true},"in2DMode":false,"pivot":{"x":50.400001525878909,"y":2.6500000953674318,"z":-7.271629333496094},"rotation":{"x":0.12848076224327088,"y":-0.48215457797050478,"z":0.07159944623708725,"w":0.8637927770614624},"size":1.7677669525146485,"orthographic":false}