{"cameraMode":{"drawMode":0,"name":"Shaded","section":"Shading Mode"},"sceneLighting":false,"audioPlay":false,"sceneViewState":{"showFog":false,"showMaterialUpdate":false,"showSkybox":false,"showFlares":false,"showImageEffects":false,"showParticleSystems":false},"in2DMode":false,"pivot":{"x":143.5791015625,"y":-5.503305912017822,"z":60.947120666503909},"rotation":{"x":-0.14646895229816438,"y":-0.7132107019424439,"z":0.15648691356182099,"w":-0.6674618124961853},"size":9.123961448669434,"orthographic":false}