{"cameraMode":{"drawMode":0,"name":"Shaded","section":"Shading Mode"},"sceneLighting":false,"audioPlay":false,"sceneViewState":{"showFog":true,"showMaterialUpdate":true,"showSkybox":false,"showFlares":true,"showImageEffects":true,"showParticleSystems":true},"in2DMode":false,"pivot":{"x":-89.0157241821289,"y":42.017704010009769,"z":-201.52059936523438},"rotation":{"x":0.08983395248651505,"y":0.031367406249046329,"z":-0.002830698387697339,"w":0.9954589009284973},"size":30.53512191772461,"orthographic":false}