{"cameraMode":{"drawMode":0,"name":"Shaded","section":"Shading Mode"},"sceneLighting":false,"audioPlay":false,"sceneViewState":{"showFog":true,"showMaterialUpdate":true,"showSkybox":false,"showFlares":true,"showImageEffects":true,"showParticleSystems":true},"in2DMode":false,"pivot":{"x":73.03578186035156,"y":32.423362731933597,"z":-198.95799255371095},"rotation":{"x":-2.5431896588656856e-8,"y":0.08539604395627976,"z":2.940970666998055e-8,"w":0.9963480234146118},"size":74.25401306152344,"orthographic":false}