{"cameraMode":{"drawMode":0,"name":"Shaded","section":"Shading Mode"},"sceneLighting":false,"audioPlay":false,"sceneViewState":{"showFog":true,"showMaterialUpdate":true,"showSkybox":false,"showFlares":true,"showImageEffects":true,"showParticleSystems":true},"in2DMode":false,"pivot":{"x":-2.535207748413086,"y":64.1103286743164,"z":67.31260681152344},"rotation":{"x":-0.04819860681891441,"y":0.06198694556951523,"z":-0.0030045518651604654,"w":-0.9969160556793213},"size":318.0394592285156,"orthographic":false}