{"cameraMode":{"drawMode":0,"name":"Shaded","section":"Shading Mode"},"sceneLighting":true,"audioPlay":false,"sceneViewState":{"showFog":true,"showMaterialUpdate":true,"showSkybox":true,"showFlares":true,"showImageEffects":true,"showParticleSystems":true},"in2DMode":false,"pivot":{"x":38.2039909362793,"y":-22.397096633911134,"z":-73.84922790527344},"rotation":{"x":0.04044053703546524,"y":0.9515121579170227,"z":-0.14294344186782838,"w":0.2695140838623047},"size":86.58846282958985,"orthographic":false}