{"cameraMode":{"drawMode":0,"name":"Shaded","section":"Shading Mode"},"sceneLighting":false,"audioPlay":false,"sceneViewState":{"showFog":true,"showMaterialUpdate":true,"showSkybox":false,"showFlares":true,"showImageEffects":true,"showParticleSystems":true},"in2DMode":false,"pivot":{"x":4.007045745849609,"y":1.1430715322494507,"z":-15.968082427978516},"rotation":{"x":-0.0005272742127999663,"y":0.9993202090263367,"z":-0.035090453922748569,"w":-0.014981547370553017},"size":8.740374565124512,"orthographic":false}