{"cameraMode":{"drawMode":0,"name":"Shaded","section":"Shading Mode"},"sceneLighting":false,"audioPlay":false,"sceneViewState":{"showFog":true,"showMaterialUpdate":true,"showSkybox":false,"showFlares":true,"showImageEffects":true,"showParticleSystems":true},"in2DMode":false,"pivot":{"x":15.589689254760743,"y":-0.4427805542945862,"z":-8.98554515838623},"rotation":{"x":-0.036054618656635287,"y":-0.8699456453323364,"z":0.06433048844337464,"w":-0.4876336455345154},"size":22.224260330200197,"orthographic":false}