{"cameraMode":{"drawMode":0,"name":"Shaded","section":"Shading Mode"},"sceneLighting":true,"audioPlay":false,"sceneViewState":{"showFog":true,"showMaterialUpdate":true,"showSkybox":true,"showFlares":true,"showImageEffects":true,"showParticleSystems":true},"in2DMode":false,"pivot":{"x":37.3526611328125,"y":-220.76568603515626,"z":249.24546813964845},"rotation":{"x":-0.3530694842338562,"y":-0.06672228127717972,"z":0.025251014158129693,"w":-0.9328828454017639},"size":361.84613037109377,"orthographic":false}