{"cameraMode":{"drawMode":0,"name":"Shaded","section":"Shading Mode"},"sceneLighting":true,"audioPlay":false,"sceneViewState":{"showFog":true,"showMaterialUpdate":true,"showSkybox":true,"showFlares":true,"showImageEffects":true,"showParticleSystems":true},"in2DMode":false,"pivot":{"x":400.84136962890627,"y":376.671630859375,"z":-478.85760498046877},"rotation":{"x":-0.07849953323602677,"y":0.024228591471910478,"z":-0.0019148021237924696,"w":-0.996665894985199},"size":175.1139373779297,"orthographic":false}