{"cameraMode":{"drawMode":0,"name":"Shaded","section":"Shading Mode"},"sceneLighting":false,"audioPlay":false,"sceneViewState":{"showFog":true,"showMaterialUpdate":true,"showSkybox":false,"showFlares":true,"showImageEffects":true,"showParticleSystems":true},"in2DMode":false,"pivot":{"x":-32.83850860595703,"y":-1.3804693222045899,"z":-188.2101287841797},"rotation":{"x":-0.0014749845722690225,"y":-0.9983035326004028,"z":0.02846844121813774,"w":-0.050952404737472537},"size":315.0459289550781,"orthographic":false}