{"cameraMode":{"drawMode":0,"name":"Shaded","section":"Shading Mode"},"sceneLighting":false,"audioPlay":false,"sceneViewState":{"showFog":true,"showMaterialUpdate":true,"showSkybox":false,"showFlares":true,"showImageEffects":true,"showParticleSystems":true},"in2DMode":false,"pivot":{"x":-0.5962727665901184,"y":2.4830024242401125,"z":-1.0234675407409669},"rotation":{"x":-0.032530322670936587,"y":0.8795855045318604,"z":-0.06078837066888809,"w":-0.4707300066947937},"size":1.5322329998016358,"orthographic":false}