{"cameraMode":{"drawMode":0,"name":"Shaded","section":"Shading Mode"},"sceneLighting":false,"audioPlay":false,"sceneViewState":{"showFog":true,"showMaterialUpdate":true,"showSkybox":false,"showFlares":true,"showImageEffects":true,"showParticleSystems":true},"in2DMode":false,"pivot":{"x":241.22581481933595,"y":159.72068786621095,"z":923.86279296875},"rotation":{"x":0.008997314609587193,"y":0.023996733129024507,"z":-0.0002160188159905374,"w":0.9996729493141174},"size":1994.18310546875,"orthographic":false}