{"cameraMode":{"drawMode":0,"name":"Shaded","section":"Shading Mode"},"sceneLighting":false,"audioPlay":false,"sceneViewState":{"showFog":true,"showMaterialUpdate":true,"showSkybox":false,"showFlares":true,"showImageEffects":true,"showParticleSystems":true},"in2DMode":false,"pivot":{"x":336.8465576171875,"y":-213.5143280029297,"z":1849.1943359375},"rotation":{"x":0.08687698841094971,"y":0.017931027337908746,"z":-0.00156412145588547,"w":0.9960648417472839},"size":2661.475830078125,"orthographic":false}