{"cameraMode":{"drawMode":0,"name":"Shaded","section":"Shading Mode"},"sceneLighting":true,"audioPlay":false,"sceneViewState":{"showFog":true,"showMaterialUpdate":true,"showSkybox":true,"showFlares":true,"showImageEffects":true,"showParticleSystems":true},"in2DMode":false,"pivot":{"x":-79.87490844726563,"y":-69.35933685302735,"z":111.48789978027344},"rotation":{"x":0.22270964086055757,"y":-0.29016244411468508,"z":0.06961926817893982,"w":0.928135335445404},"size":164.90003967285157,"orthographic":false}