{"cameraMode":{"drawMode":0,"name":"Shaded","section":"Shading Mode"},"sceneLighting":false,"audioPlay":false,"sceneViewState":{"showFog":true,"showMaterialUpdate":true,"showSkybox":false,"showFlares":true,"showImageEffects":true,"showParticleSystems":true},"in2DMode":false,"pivot":{"x":323.07379150390627,"y":129.6061248779297,"z":-63.3660888671875},"rotation":{"x":-0.0838991329073906,"y":-0.008063243702054024,"z":0.0006784031866118312,"w":-0.9964511394500732},"size":627.2158203125,"orthographic":false}