{"cameraMode":{"drawMode":0,"name":"Shaded","section":"Shading Mode"},"sceneLighting":true,"audioPlay":false,"sceneViewState":{"showFog":true,"showMaterialUpdate":true,"showSkybox":true,"showFlares":true,"showImageEffects":true,"showParticleSystems":true},"in2DMode":false,"pivot":{"x":-1.4264544248580933,"y":0.999879777431488,"z":1.2166244983673096},"rotation":{"x":0.043079886585474017,"y":-0.931031346321106,"z":0.11679869145154953,"w":0.3431297540664673},"size":14.214118957519532,"orthographic":false}