{"cameraMode":{"drawMode":0,"name":"Shaded","section":"Shading Mode"},"sceneLighting":false,"audioPlay":false,"sceneViewState":{"showFog":true,"showMaterialUpdate":true,"showSkybox":false,"showFlares":true,"showImageEffects":true,"showParticleSystems":true},"in2DMode":false,"pivot":{"x":-10.987196922302246,"y":-4.856712341308594,"z":-43.21857833862305},"rotation":{"x":-0.002099339384585619,"y":0.9977021813392639,"z":-0.05693034827709198,"w":-0.036820005625486377},"size":320.1955261230469,"orthographic":false}