{"cameraMode":{"drawMode":0,"name":"Shaded","section":"Shading Mode"},"sceneLighting":false,"audioPlay":false,"sceneViewState":{"showFog":false,"showMaterialUpdate":false,"showSkybox":false,"showFlares":false,"showImageEffects":false,"showParticleSystems":false},"in2DMode":false,"pivot":{"x":-6.296504974365234,"y":2.2492663860321047,"z":12.828497886657715},"rotation":{"x":-0.12525099515914918,"y":-0.08183696866035462,"z":0.010309563018381596,"w":-0.9887427091598511},"size":4.083958148956299,"orthographic":false}