{"cameraMode":{"drawMode":0,"name":"Shaded","section":"Shading Mode"},"sceneLighting":false,"audioPlay":false,"sceneViewState":{"showFog":true,"showMaterialUpdate":true,"showSkybox":false,"showFlares":true,"showImageEffects":true,"showParticleSystems":true},"in2DMode":false,"pivot":{"x":-0.12799072265625,"y":2.1300048828125,"z":-2.9760000705718996},"rotation":{"x":0.1442420482635498,"y":0.4109818637371063,"z":-0.06603934615850449,"w":0.8977565765380859},"size":1.6952950954437256,"orthographic":false}