{"cameraMode":{"drawMode":0,"name":"Shaded","section":"Shading Mode"},"sceneLighting":true,"audioPlay":false,"sceneViewState":{"showFog":true,"showMaterialUpdate":true,"showSkybox":true,"showFlares":true,"showImageEffects":true,"showParticleSystems":true},"in2DMode":false,"pivot":{"x":-22.560317993164064,"y":0.4524097442626953,"z":18.100732803344728},"rotation":{"x":-0.2520871162414551,"y":0.034459929913282397,"z":-0.008996893651783467,"w":-0.9670594930648804},"size":4.774708271026611,"orthographic":false}