{"cameraMode":{"drawMode":0,"name":"Shaded","section":"Shading Mode"},"sceneLighting":true,"audioPlay":false,"sceneViewState":{"showFog":true,"showMaterialUpdate":true,"showSkybox":true,"showFlares":true,"showImageEffects":true,"showParticleSystems":true},"in2DMode":false,"pivot":{"x":-1.8597103357315064,"y":1.5049386024475098,"z":-0.07541599869728089},"rotation":{"x":0.14293186366558076,"y":0.8009530305862427,"z":-0.2113552987575531,"w":0.5416491031646729},"size":13.083146095275879,"orthographic":false}