{"cameraMode":{"drawMode":0,"name":"Shaded","section":"Shading Mode"},"sceneLighting":true,"audioPlay":false,"sceneViewState":{"showFog":true,"showMaterialUpdate":true,"showSkybox":true,"showFlares":true,"showImageEffects":true,"showParticleSystems":true},"in2DMode":false,"pivot":{"x":634.010498046875,"y":300.7868347167969,"z":-237.28131103515626},"rotation":{"x":-0.03244606778025627,"y":0.18130181729793549,"z":-0.005985920783132315,"w":-0.9828814268112183},"size":537.8458251953125,"orthographic":false}