{"cameraMode":{"drawMode":0,"name":"Shaded","section":"Shading Mode"},"sceneLighting":true,"audioPlay":false,"sceneViewState":{"showFog":true,"showMaterialUpdate":true,"showSkybox":true,"showFlares":true,"showImageEffects":true,"showParticleSystems":true},"in2DMode":false,"pivot":{"x":-16.529722213745118,"y":-19.924039840698243,"z":-20.890430450439454},"rotation":{"x":0.06646257638931275,"y":-0.9049571752548218,"z":0.3911721110343933,"w":0.1537533402442932},"size":47.60443115234375,"orthographic":false}