{"cameraMode":{"drawMode":0,"name":"Shaded","section":"Shading Mode"},"sceneLighting":true,"audioPlay":false,"sceneViewState":{"showFog":true,"showMaterialUpdate":false,"showSkybox":true,"showFlares":true,"showImageEffects":true,"showParticleSystems":true},"in2DMode":false,"pivot":{"x":346.9634704589844,"y":151.41696166992188,"z":-491.53887939453127},"rotation":{"x":0.13569991290569306,"y":0.03179416432976723,"z":0.0043557146564126019,"w":-0.9902316927909851},"size":43.9300537109375,"orthographic":false}